date,ticker,close,vol_cap,sigma,new_event,m,p,mu,active_events,meta_exposure,exposure,target_shares,current_shares,order,note
2026-09-25,AEFES,18.829999923706055,0.9876753180680875,0.022234340892809356,False,,,,0,1.0,0.9876753180680875,1745,0,1745,
2026-09-25,AKBNK,70.9000015258789,0.8184521348166444,0.028240400401673436,False,,,,0,1.0,0.8184521348166444,384,0,384,
2026-09-25,ASELS,372.25,0.8273702274126161,0.028208532519622274,False,,,,0,1.0,0.8273702274126161,73,0,73,
2026-09-25,ASTOR,261.25,0.7471582368441888,0.03960290924413667,False,,,,0,1.0,0.7471582368441888,95,0,95,
2026-09-25,BIMAS,424.75,1.0,0.01851124957703791,False,,,,0,1.0,1.0,78,0,78,
2026-09-25,EKGYO,19.25,0.6808699446636163,0.03340702721135089,False,,,,0,1.0,0.6808699446636163,1177,0,1177,
2026-09-25,ENKAI,86.44999694824219,0.8601266758248255,0.02254801068016411,False,,,,0,1.0,0.8601266758248255,331,0,331,
2026-09-25,EREGL,37.7400016784668,0.7565028769732258,0.027330960336532983,False,,,,0,1.0,0.7565028769732258,667,0,667,
2026-09-25,FROTO,76.80000305175781,1.0,0.020852614793151373,False,,,,0,1.0,1.0,433,0,433,
2026-09-25,GARAN,129.8000030517578,0.9452108733311512,0.02577142003448667,False,,,,0,1.0,0.9452108733311512,242,0,242,
2026-09-25,GUBRF,458.0,0.7606050231933645,0.03600013861704385,True,0.3500015839281849,0.5509259259259258,0.01220552457036394,1,0.3500015839281849,0.26621296286141144,19,0,19,
2026-09-25,ISCTR,13.069999694824219,0.674215264869983,0.031971845277637065,False,,,,0,1.0,0.674215264869983,1716,0,1716,
2026-09-25,KCHOL,216.5,0.886666249988446,0.0226285182001615,False,,,,0,1.0,0.886666249988446,136,0,136,
2026-09-25,KRDMD,46.959999084472656,0.9130797495384299,0.02979112846974598,False,,,,0,1.0,0.9130797495384299,647,0,647,
2026-09-25,MGROS,523.5,0.9089115566884786,0.023577448349976868,True,0.5445315787222769,0.5589692765113974,0.007681514028584313,1,0.5445315787222769,0.49493104488249945,31,0,31,
2026-09-25,PETKM,21.059999465942383,0.5247864098356423,0.04218394323561954,True,0.18568178156665321,0.5238095238095238,0.008161340578223965,1,0.18568178156665321,0.09744327552024988,154,0,154,
2026-09-25,PGSUS,146.6999969482422,1.0,0.019794378603994776,False,,,,0,1.0,1.0,226,0,226,
2026-09-25,SAHOL,88.25,0.8516400658940888,0.024906428448257974,False,,,,0,1.0,0.8516400658940888,321,0,321,
2026-09-25,SASA,2.0799999237060547,0.6725559067578366,0.039917307024257644,False,,,,0,1.0,0.6725559067578366,10761,0,10761,
2026-09-25,SISE,39.2400016784668,0.6541612612633633,0.032243049496729806,False,,,,0,1.0,0.6541612612633633,554,0,554,
2026-09-25,TAVHL,272.75,0.8551915175838887,0.025389076408704934,False,,,,0,1.0,0.8551915175838887,104,0,104,
2026-09-25,TCELL,99.94999694824219,0.9054196423751945,0.021671439270383484,False,,,,0,1.0,0.9054196423751945,301,0,301,
2026-09-25,THYAO,290.75,1.0,0.02169370752213774,False,,,,0,1.0,1.0,114,0,114,
2026-09-25,TOASO,290.0,0.9148258870649181,0.025943823419952477,True,0.5569667488135783,0.5632065775950668,0.009324998752711372,1,0.5569667488135783,0.5095276000490452,58,0,58,
2026-09-25,TRALT,49.84000015258789,0.8113755264245931,0.034197595753688304,False,,,,0,1.0,0.8113755264245931,541,0,541,
2026-09-25,TRMET,140.39999389648438,0.9059488028742719,0.03508352333398553,False,,,,0,1.0,0.9059488028742719,214,0,214,
2026-09-25,TTKOM,54.650001525878906,0.5878211925733698,0.03260828819284405,False,,,,0,1.0,0.5878211925733698,357,0,357,
2026-09-25,TUPRS,406.0,0.8316900675623513,0.02580862523704607,False,,,,0,1.0,0.8316900675623513,68,0,68,
2026-09-25,VAKBN,33.79999923706055,0.6139242134817997,0.03922599369292094,False,,,,0,1.0,0.6139242134817997,604,0,604,
2026-09-25,YKBNK,35.779998779296875,0.7996576251059435,0.03061965727755961,False,,,,0,1.0,0.7996576251059435,743,0,743,
