date,portfolio,ticker,shares,price,notional,cost,note
2026-09-28,buyhold,AEFES,1767,18.799395915985105,33218.53258354568,33.21853258354568,
2026-09-28,buyhold,AKBNK,469,69.784875,32729.106375,32.729106375,
2026-09-28,buyhold,ASELS,89,370.185,32946.465000000004,32.946465,
2026-09-28,buyhold,ASTOR,127,235.3175969467163,29885.33481223297,29.88533481223297,
2026-09-28,buyhold,BIMAS,78,422.461125,32951.967749999996,32.951967749999994,
2026-09-28,buyhold,EKGYO,1729,19.0095,32867.4255,32.867425499999996,
2026-09-28,buyhold,ENKAI,385,85.39267347335814,32876.179287242885,32.876179287242884,
2026-09-28,buyhold,EREGL,881,37.41870152664185,32965.87604497147,32.965876044971466,
2026-09-28,buyhold,FROTO,433,76.18807652664184,32989.437136035915,32.98943713603592,
2026-09-28,buyhold,GARAN,256,128.2640969467163,32835.608818359375,32.835608818359376,
2026-09-28,buyhold,GUBRF,72,450.22499999999997,32416.199999999997,32.416199999999996,
2026-09-28,buyhold,ISCTR,2546,12.846420152664184,32706.985708683012,32.706985708683014,
2026-09-28,buyhold,KCHOL,153,214.90740305328367,32880.832667152405,32.880832667152404,
2026-09-28,buyhold,KRDMD,708,46.66331938934326,33037.63012765503,33.03763012765503,
2026-09-28,buyhold,MGROS,63,521.7607499999999,32870.92724999999,32.870927249999994,
2026-09-28,buyhold,PETKM,1580,20.97047908401489,33133.356952743525,33.133356952743526,
2026-09-28,buyhold,PGSUS,226,145.57274999999998,32899.44149999999,32.899441499999995,
2026-09-28,buyhold,SAHOL,377,87.14354847335815,32853.11777445603,32.853117774456024,
2026-09-28,buyhold,SASA,16001,2.021009980916977,32338.180704652546,32.338180704652544,
2026-09-28,buyhold,SISE,848,38.93945816802978,33020.66052648926,33.02066052648926,
2026-09-28,buyhold,TAVHL,122,270.135,32956.47,32.95647,
2026-09-28,buyhold,TCELL,333,99.39967347335815,33100.09126662826,33.10009126662826,
2026-09-28,buyhold,THYAO,114,288.144,32848.416,32.848416,
2026-09-28,buyhold,TOASO,114,286.893375,32705.84475,32.705844750000004,
2026-09-28,buyhold,TRALT,667,48.26412167930603,32192.16916009712,32.19216916009712,
2026-09-28,buyhold,TRMET,237,136.66830610656737,32390.388547256465,32.390388547256464,
2026-09-28,buyhold,TTKOM,609,54.22710076332092,33024.30436486244,33.02430436486244,
2026-09-28,buyhold,TUPRS,81,406.70324999999997,32942.96325,32.94296325,
2026-09-28,buyhold,VAKBN,984,33.35667015266418,32822.96343022155,32.82296343022155,
2026-09-28,buyhold,YKBNK,930,35.19759030532837,32733.758983955384,32.73375898395538,
2026-09-28,sistem,AEFES,1745,18.799395915985105,32804.94587339401,32.80494587339401,
2026-09-28,sistem,AKBNK,384,69.784875,26797.392,26.797392000000002,
2026-09-28,sistem,ASELS,73,370.185,27023.505,27.023505,
2026-09-28,sistem,ASTOR,95,235.3175969467163,22355.171709938048,22.35517170993805,
2026-09-28,sistem,BIMAS,78,422.461125,32951.967749999996,32.951967749999994,
2026-09-28,sistem,EKGYO,1177,19.0095,22374.1815,22.3741815,
2026-09-28,sistem,ENKAI,331,85.39267347335814,28264.974919681546,28.264974919681546,
2026-09-28,sistem,EREGL,667,37.41870152664185,24958.27391827011,24.958273918270113,
2026-09-28,sistem,FROTO,433,76.18807652664184,32989.437136035915,32.98943713603592,
2026-09-28,sistem,GARAN,242,128.2640969467163,31039.911461105345,31.039911461105344,
2026-09-28,sistem,GUBRF,19,450.22499999999997,8554.275,8.554275,
2026-09-28,sistem,ISCTR,1716,12.846420152664184,22044.45698197174,22.04445698197174,
2026-09-28,sistem,KCHOL,136,214.90740305328367,29227.40681524658,29.22740681524658,
2026-09-28,sistem,KRDMD,647,46.66331938934326,30191.167644905086,30.191167644905086,
2026-09-28,sistem,MGROS,31,521.7607499999999,16174.583249999998,16.174583249999998,
2026-09-28,sistem,PETKM,154,20.97047908401489,3229.453778938293,3.229453778938293,
2026-09-28,sistem,PGSUS,226,145.57274999999998,32899.44149999999,32.899441499999995,
2026-09-28,sistem,SAHOL,321,87.14354847335815,27973.079059947966,27.973079059947967,
2026-09-28,sistem,SASA,10761,2.021009980916977,21748.088404647588,21.74808840464759,
2026-09-28,sistem,SISE,554,38.93945816802978,21572.4598250885,21.5724598250885,
2026-09-28,sistem,TAVHL,104,270.135,28094.04,28.094040000000003,
2026-09-28,sistem,TCELL,301,99.39967347335815,29919.301715480804,29.919301715480806,
2026-09-28,sistem,THYAO,114,288.144,32848.416,32.848416,
2026-09-28,sistem,TOASO,58,286.893375,16639.815749999998,16.639815749999997,
2026-09-28,sistem,TRALT,541,48.26412167930603,26110.88982850456,26.11088982850456,
2026-09-28,sistem,TRMET,214,136.66830610656737,29247.017506805416,29.247017506805417,
2026-09-28,sistem,TTKOM,357,54.22710076332092,19359.07497250557,19.359074972505567,
2026-09-28,sistem,TUPRS,68,406.70324999999997,27655.820999999996,27.655820999999996,
2026-09-28,sistem,VAKBN,604,33.35667015266418,20147.428772209165,20.147428772209164,
2026-09-28,sistem,YKBNK,743,35.19759030532837,26151.809596858977,26.15180959685898,
2026-09-30,buyhold,TUPRS,0,6.746953,546.503193,0.0,temettü
2026-09-30,sistem,TUPRS,0,6.746953,458.79280400000005,0.0,temettü
2026-09-30,sistem,ASELS,-18,338.33075,-6089.9535000000005,6.089953500000001,
2026-09-30,sistem,KRDMD,-286,45.1574103050232,-12915.019347236635,12.915019347236635,
2026-09-30,sistem,TRMET,-145,130.53470610046386,-18927.53238456726,18.92753238456726,
2026-09-30,sistem,TTKOM,-291,52.77359923744202,-15357.117378095629,15.357117378095628,
2026-09-30,sistem,AKBNK,13,69.93495152664184,909.1543698463439,0.9091543698463439,
2026-09-30,sistem,EKGYO,50,18.809399236679077,940.4699618339539,0.9404699618339539,
2026-09-30,sistem,ENKAI,11,85.04249999999999,935.4674999999999,0.9354674999999999,
2026-09-30,sistem,EREGL,26,36.79838877868652,956.7581082458496,0.9567581082458496,
2026-09-30,sistem,GARAN,7,129.3646530532837,905.5525713729858,0.9055525713729858,
2026-09-30,sistem,ISCTR,53,12.966480038166045,687.2234420228004,0.6872234420228005,
2026-09-30,sistem,KCHOL,4,214.40715305328368,857.6286122131347,0.8576286122131347,
2026-09-30,sistem,PETKM,88,19.529760457992552,1718.6189203033446,1.7186189203033446,
2026-09-30,sistem,SAHOL,10,86.89342347335815,868.9342347335815,0.8689342347335816,
2026-09-30,sistem,SISE,24,38.359170152664184,920.6200836639405,0.9206200836639405,
2026-09-30,sistem,TAVHL,3,266.63325,799.8997499999999,0.7998997499999999,
2026-09-30,sistem,TCELL,9,98.2490969467163,884.2418725204468,0.8842418725204468,
2026-09-30,sistem,TRALT,21,45.48272908401489,955.1373107643127,0.9551373107643127,
2026-10-01,sistem,AEFES,-723,17.811089694976808,-12877.417849468231,12.877417849468232,
2026-10-01,sistem,AKBNK,-284,67.76610305023193,-19245.57326626587,19.245573266265872,
2026-10-01,sistem,BIMAS,-2,421.78900000000004,-843.5780000000001,0.8435780000000002,
2026-10-01,sistem,ENKAI,-84,83.45825,-7010.493,7.010493,
2026-10-01,sistem,EREGL,-419,36.121929389953614,-15135.088414390564,15.135088414390564,
2026-10-01,sistem,GARAN,-165,124.43775000000001,-20532.228750000002,20.53222875,
2026-10-01,sistem,ISCTR,-910,12.333830152511597,-11223.785438785553,11.223785438785553,
2026-10-01,sistem,KCHOL,-59,210.39475000000002,-12413.290250000002,12.413290250000003,
2026-10-01,sistem,PGSUS,-6,137.13139694976806,-822.7883816986084,0.8227883816986085,
2026-10-01,sistem,SAHOL,-142,85.90702194976807,-12198.797116867065,12.198797116867064,
2026-10-01,sistem,SISE,-309,37.00149045753479,-11433.460551378252,11.433460551378252,
2026-10-01,sistem,TAVHL,-32,261.869,-8379.808,8.379808,
2026-10-01,sistem,TCELL,-146,96.55169847488403,-14096.54797733307,14.09654797733307,
2026-10-01,sistem,THYAO,-50,285.35725,-14267.862500000001,14.267862500000001,
2026-10-01,sistem,TRALT,-385,45.05746183013916,-17347.122804603576,17.347122804603575,
2026-10-01,sistem,VAKBN,-420,32.58369847488404,-13685.153359451297,13.685153359451297,
2026-10-01,sistem,YKBNK,-532,34.48275,-18344.823,18.344823,
2026-10-01,sistem,ASTOR,5,174.2870969467163,871.4354847335815,0.8714354847335815,
2026-10-01,sistem,PETKM,83,19.309649236679075,1602.7008866443632,1.6027008866443633,
2026-10-01,sistem,SASA,560,1.8309150429368017,1025.312424044609,1.0253124240446092,
2026-10-01,sistem,TUPRS,2,376.43812499999996,752.8762499999999,0.7528762499999999,
